{
    "rotas": [
        {
            "id": 1,
            "nome": "rota1",
            "origem": [-19.9176592,-43.9899077],
            "destino": [-19.9328993,-43.9383767]
        },
        {
            "id": 2,
            "nome": "rota2",
            "origem": [-19.9176592,-43.9899077],
            "destino": [-19.9328993,-43.9383767]
        },
        {
            "id": 3,
            "nome": "rota3",
            "origem": [-19.9176592,-43.9899077],
            "destino": [-19.9328993,-43.9383767]
        },
        {
            "id": 4,
            "nome": "rota4",
            "origem": [-19.9176592,-43.9899077],
            "destino": [-19.9328993,-43.9383767]
        }

    ]
}